Month,Year,PRODUCTS,TRADE,"Quantity (000 Metric Tonnes)","Value in Rupees (Crore)","Value in Dollars (Million US dollar)",date_updated
April,2025,"CRUDE OIL",Import,20985.63,91216.15,10664.39,"2026-07-08 04:22:50"
April,2025,LPG,Import,1605.94,8314.24,971.71,"2026-07-08 04:22:50"
April,2025,MS,Import,0.00,0.23,0.03,"2026-07-08 04:22:50"
April,2025,Naphtha,Import,203.48,1047.36,122.77,"2026-07-08 04:22:50"
April,2025,ATF,Import,,,,"2026-07-08 04:22:50"
April,2025,HSD,Import,1.15,7.96,0.93,"2026-07-08 04:22:50"
April,2025,"LOBS/ Lube oil",Import,296.12,2182.85,255.13,"2026-07-08 04:22:50"
April,2025,"Fuel Oil",Import,296.90,1004.65,117.60,"2026-07-08 04:22:50"
April,2025,Bitumen,Import,297.30,997.66,116.60,"2026-07-08 04:22:50"
April,2025,Petcoke,Import,955.63,1096.35,128.14,"2026-07-08 04:22:50"
April,2025,Others&,Import,272.75,1417.40,165.59,"2026-07-08 04:22:50"
April,2025,"PRODUCT IMPORT*",Import,3929.27,16068.70,1878.48,"2026-07-08 04:22:50"
April,2025,"TOTAL IMPORT",Import,24914.90,107284.85,12542.87,"2026-07-08 04:22:50"
April,2025,LPG,Export,46.28,304.38,35.58,"2026-07-08 04:22:50"
April,2025,MS!,Export,1222.27,6598.92,769.82,"2026-07-08 04:22:50"
April,2025,Naphtha$,Export,574.67,2769.27,323.46,"2026-07-08 04:22:50"
April,2025,ATF#,Export,486.72,2611.16,303.00,"2026-07-08 04:22:50"
April,2025,SKO,Export,1.89,12.53,1.47,"2026-07-08 04:22:50"
April,2025,HSD,Export,1295.72,6710.40,782.91,"2026-07-08 04:22:50"
April,2025,"LOBS/ Lube Oil",Export,0.29,5.25,0.62,"2026-07-08 04:22:50"
April,2025,"Fuel Oil",Export,135.75,467.88,54.53,"2026-07-08 04:22:50"
April,2025,Bitumen,Export,1.23,5.50,0.64,"2026-07-08 04:22:50"
April,2025,"Petcoke / CBFS",Export,45.18,231.88,27.23,"2026-07-08 04:22:50"
April,2025,Others%,Export,230.01,768.35,89.42,"2026-07-08 04:22:50"
April,2025,"TOTAL  PRODUCT EXPORT",Export,4039.99,20485.51,2388.68,"2026-07-08 04:22:50"
April,2025,"NET IMPORT",Export,20874.90,86799.34,10154.19,"2026-07-08 04:22:50"
May,2025,"CRUDE OIL",Import,21328.55,87778.82,10284.02,"2026-07-08 04:22:50"
May,2025,LPG,Import,1685.09,8492.18,995.35,"2026-07-08 04:22:50"
May,2025,MS,Import,,,,"2026-07-08 04:22:50"
May,2025,Naphtha,Import,118.52,571.62,66.98,"2026-07-08 04:22:50"
May,2025,ATF,Import,0.00,0.00,,"2026-07-08 04:22:50"
May,2025,HSD,Import,2.16,19.86,2.33,"2026-07-08 04:22:50"
May,2025,"LOBS/ Lube oil",Import,242.51,1782.16,209.15,"2026-07-08 04:22:50"
May,2025,"Fuel Oil",Import,505.49,1749.04,204.53,"2026-07-08 04:22:50"
May,2025,Bitumen,Import,289.94,995.17,116.82,"2026-07-08 04:22:50"
May,2025,Petcoke,Import,1073.28,1392.43,163.45,"2026-07-08 04:22:50"
May,2025,Others&,Import,273.66,1296.28,152.36,"2026-07-08 04:22:50"
May,2025,"PRODUCT IMPORT*",Import,4190.66,16298.75,1910.98,"2026-07-08 04:22:50"
May,2025,"TOTAL IMPORT",Import,25519.21,104077.57,12194.99,"2026-07-08 04:22:50"
May,2025,LPG,Export,52.02,338.55,39.74,"2026-07-08 04:22:50"
May,2025,MS!,Export,1452.49,8105.00,949.74,"2026-07-08 04:22:50"
May,2025,Naphtha$,Export,718.28,3388.24,397.18,"2026-07-08 04:22:50"
May,2025,ATF#,Export,752.08,3833.57,449.52,"2026-07-08 04:22:50"
May,2025,SKO,Export,1.59,9.83,1.16,"2026-07-08 04:22:50"
May,2025,HSD,Export,2347.98,11580.93,1357.70,"2026-07-08 04:22:50"
May,2025,"LOBS/ Lube Oil",Export,0.43,6.73,0.76,"2026-07-08 04:22:50"
May,2025,"Fuel Oil",Export,172.07,613.63,71.35,"2026-07-08 04:22:50"
May,2025,Bitumen,Export,4.03,19.50,2.29,"2026-07-08 04:22:50"
May,2025,"Petcoke / CBFS",Export,28.33,151.04,17.63,"2026-07-08 04:22:50"
May,2025,Others%,Export,100.36,437.37,51.84,"2026-07-08 04:22:50"
May,2025,"TOTAL  PRODUCT EXPORT",Export,5629.65,28484.38,3338.92,"2026-07-08 04:22:50"
May,2025,"NET IMPORT",Export,19889.56,75593.18,8856.07,"2026-07-08 04:22:50"
June,2025,"CRUDE OIL",Import,20314.35,85229.92,9903.87,"2026-07-08 04:22:50"
June,2025,LPG,Import,1887.69,9361.88,1096.58,"2026-07-08 04:22:50"
June,2025,MS,Import,,,,"2026-07-08 04:22:50"
June,2025,Naphtha,Import,33.47,154.32,18.00,"2026-07-08 04:22:50"
June,2025,ATF,Import,0.00,0.00,0.00,"2026-07-08 04:22:50"
June,2025,HSD,Import,2.17,13.00,1.51,"2026-07-08 04:22:50"
June,2025,"LOBS/ Lube oil",Import,259.13,1901.95,221.49,"2026-07-08 04:22:50"
June,2025,"Fuel Oil",Import,536.40,1950.94,227.02,"2026-07-08 04:22:50"
June,2025,Bitumen,Import,248.94,852.09,99.19,"2026-07-08 04:22:50"
June,2025,Petcoke,Import,773.02,945.04,110.01,"2026-07-08 04:22:50"
June,2025,Others&,Import,321.74,1608.33,187.36,"2026-07-08 04:22:50"
June,2025,"PRODUCT IMPORT*",Import,4062.55,16787.56,1961.17,"2026-07-08 04:22:50"
June,2025,"TOTAL IMPORT",Import,24376.90,102017.48,11865.04,"2026-07-08 04:22:50"
June,2025,LPG,Export,46.72,299.50,34.88,"2026-07-08 04:22:50"
June,2025,MS!,Export,1269.68,7551.78,875.79,"2026-07-08 04:22:50"
June,2025,Naphtha$,Export,676.17,3311.65,385.46,"2026-07-08 04:22:50"
June,2025,ATF#,Export,675.27,3752.45,435.79,"2026-07-08 04:22:50"
June,2025,SKO,Export,1.67,10.04,1.17,"2026-07-08 04:22:50"
June,2025,HSD,Export,2245.18,12104.11,1404.76,"2026-07-08 04:22:50"
June,2025,"LOBS/ Lube Oil",Export,0.69,11.01,1.29,"2026-07-08 04:22:50"
June,2025,"Fuel Oil",Export,262.39,957.56,111.45,"2026-07-08 04:22:50"
June,2025,Bitumen,Export,1.91,9.32,1.08,"2026-07-08 04:22:50"
June,2025,"Petcoke / CBFS",Export,,,,"2026-07-08 04:22:50"
June,2025,Others%,Export,172.71,808.12,94.53,"2026-07-08 04:22:50"
June,2025,"TOTAL  PRODUCT EXPORT",Export,5352.39,28815.53,3346.20,"2026-07-08 04:22:50"
June,2025,"NET IMPORT",Export,19024.50,73201.95,8518.84,"2026-07-08 04:22:50"
July,2025,"CRUDE OIL",Import,18888.64,83867.65,9695.98,"2026-07-08 04:22:50"
July,2025,LPG,Import,1900.18,8937.96,1036.87,"2026-07-08 04:22:50"
July,2025,MS,Import,,,,"2026-07-08 04:22:50"
July,2025,Naphtha,Import,60.61,289.65,33.12,"2026-07-08 04:22:50"
July,2025,ATF,Import,,,,"2026-07-08 04:22:50"
July,2025,HSD,Import,0.66,4.56,0.53,"2026-07-08 04:22:50"
July,2025,"LOBS/ Lube oil",Import,261.34,1961.96,227.81,"2026-07-08 04:22:50"
July,2025,"Fuel Oil",Import,525.46,1825.38,211.73,"2026-07-08 04:22:50"
July,2025,Bitumen,Import,198.84,655.34,76.10,"2026-07-08 04:22:50"
July,2025,Petcoke,Import,1013.47,1100.32,127.77,"2026-07-08 04:22:50"
July,2025,Others&,Import,302.59,1562.56,180.86,"2026-07-08 04:22:50"
July,2025,"PRODUCT IMPORT*",Import,4263.15,16337.74,1894.80,"2026-07-08 04:22:50"
July,2025,"TOTAL IMPORT",Import,23151.80,100205.39,11590.78,"2026-07-08 04:22:50"
July,2025,LPG,Export,46.60,287.70,33.49,"2026-07-08 04:22:50"
July,2025,MS!,Export,1197.08,7237.06,838.26,"2026-07-08 04:22:50"
July,2025,Naphtha$,Export,603.65,2957.07,343.55,"2026-07-08 04:22:50"
July,2025,ATF#,Export,645.29,3767.50,436.06,"2026-07-08 04:22:50"
July,2025,SKO,Export,1.58,10.25,1.20,"2026-07-08 04:22:50"
July,2025,HSD,Export,2242.24,12914.16,1494.36,"2026-07-08 04:22:50"
July,2025,"LOBS/ Lube Oil",Export,1.16,16.68,1.92,"2026-07-08 04:22:50"
July,2025,"Fuel Oil",Export,174.15,572.32,66.36,"2026-07-08 04:22:50"
July,2025,Bitumen,Export,1.41,7.55,0.88,"2026-07-08 04:22:50"
July,2025,"Petcoke / CBFS",Export,4.40,10.44,1.22,"2026-07-08 04:22:50"
July,2025,Others%,Export,114.16,514.61,59.88,"2026-07-08 04:22:50"
July,2025,"TOTAL  PRODUCT EXPORT",Export,5031.71,28295.36,3277.17,"2026-07-08 04:22:50"
July,2025,"NET IMPORT",Export,18120.08,71910.03,8313.60,"2026-07-08 04:22:50"
August,2025,"CRUDE OIL",Import,19603.42,86705.96,9898.09,"2026-07-08 04:22:50"
August,2025,LPG,Import,1932.06,8512.85,972.72,"2026-07-08 04:22:50"
August,2025,MS,Import,,,,"2026-07-08 04:22:50"
August,2025,Naphtha,Import,41.49,197.34,22.40,"2026-07-08 04:22:50"
August,2025,ATF,Import,,,,"2026-07-08 04:22:50"
August,2025,HSD,Import,3.58,36.80,4.21,"2026-07-08 04:22:50"
August,2025,"LOBS/ Lube oil",Import,242.91,1847.43,211.12,"2026-07-08 04:22:50"
August,2025,"Fuel Oil",Import,364.62,1523.89,174.12,"2026-07-08 04:22:50"
August,2025,Bitumen,Import,186.52,621.88,71.05,"2026-07-08 04:22:50"
August,2025,Petcoke,Import,1602.58,1758.08,200.88,"2026-07-08 04:22:50"
August,2025,Others&,Import,158.31,855.98,97.82,"2026-07-08 04:22:50"
August,2025,"PRODUCT IMPORT*",Import,4532.07,15354.25,1754.32,"2026-07-08 04:22:50"
August,2025,"TOTAL IMPORT",Import,24135.49,102060.21,11652.40,"2026-07-08 04:22:50"
August,2025,LPG,Export,43.40,261.56,30.45,"2026-07-08 04:22:50"
August,2025,MS!,Export,1524.66,8732.04,988.24,"2026-07-08 04:22:50"
August,2025,Naphtha$,Export,581.58,2823.43,321.87,"2026-07-08 04:22:50"
August,2025,ATF#,Export,556.09,3223.80,362.30,"2026-07-08 04:22:50"
August,2025,SKO,Export,1.19,8.00,0.93,"2026-07-08 04:22:50"
August,2025,HSD,Export,2583.36,14423.67,1632.83,"2026-07-08 04:22:50"
August,2025,"LOBS/ Lube Oil",Export,0.73,11.04,1.26,"2026-07-08 04:22:50"
August,2025,"Fuel Oil",Export,225.94,733.32,84.62,"2026-07-08 04:22:50"
August,2025,Bitumen,Export,1.73,8.09,0.92,"2026-07-08 04:22:50"
August,2025,"Petcoke / CBFS",Export,34.10,178.20,20.31,"2026-07-08 04:22:50"
August,2025,Others%,Export,109.66,484.86,55.33,"2026-07-08 04:22:50"
August,2025,"TOTAL  PRODUCT EXPORT",Export,5662.43,30888.00,3499.05,"2026-07-08 04:22:50"
August,2025,"NET IMPORT",Export,18473.05,71172.22,8153.35,"2026-07-08 04:22:50"
September,2025,"CRUDE OIL",Import,20207.81,91112.05,10309.61,"2026-07-08 04:22:50"
September,2025,LPG,Import,1849.00,8149.69,922.76,"2026-07-08 04:22:50"
September,2025,MS,Import,0.01,0.46,0.05,"2026-07-08 04:22:50"
September,2025,Naphtha,Import,108.62,567.48,64.25,"2026-07-08 04:22:50"
September,2025,ATF,Import,,,,"2026-07-08 04:22:50"
September,2025,HSD,Import,1.65,11.53,1.31,"2026-07-08 04:22:50"
September,2025,"LOBS/ Lube oil",Import,297.55,2288.74,259.17,"2026-07-08 04:22:50"
September,2025,"Fuel Oil",Import,693.98,2333.37,264.25,"2026-07-08 04:22:50"
September,2025,Bitumen,Import,193.54,636.73,72.09,"2026-07-08 04:22:50"
September,2025,Petcoke,Import,949.48,1077.80,122.03,"2026-07-08 04:22:50"
September,2025,Others&,Import,254.10,1292.42,146.45,"2026-07-08 04:22:50"
September,2025,"PRODUCT IMPORT*",Import,4347.94,16358.22,1852.36,"2026-07-08 04:22:50"
September,2025,"TOTAL IMPORT",Import,24555.75,107470.27,12161.97,"2026-07-08 04:22:50"
September,2025,LPG,Export,48.19,267.67,31.16,"2026-07-08 04:22:50"
September,2025,MS!,Export,1569.36,9949.76,1114.15,"2026-07-08 04:22:50"
September,2025,Naphtha$,Export,447.61,2306.04,259.51,"2026-07-08 04:22:50"
September,2025,ATF#,Export,688.67,4138.21,461.09,"2026-07-08 04:22:50"
September,2025,SKO,Export,1.28,8.54,0.99,"2026-07-08 04:22:50"
September,2025,HSD,Export,3105.09,18118.86,2033.70,"2026-07-08 04:22:50"
September,2025,"LOBS/ Lube Oil",Export,0.85,10.89,1.23,"2026-07-08 04:22:50"
September,2025,"Fuel Oil",Export,196.58,650.20,73.28,"2026-07-08 04:22:50"
September,2025,Bitumen,Export,1.28,6.81,0.77,"2026-07-08 04:22:50"
September,2025,"Petcoke / CBFS",Export,,,,"2026-07-08 04:22:50"
September,2025,Others%,Export,124.84,638.01,72.20,"2026-07-08 04:22:50"
September,2025,"TOTAL  PRODUCT EXPORT",Export,6183.75,36094.98,4048.09,"2026-07-08 04:22:50"
September,2025,"NET IMPORT",Export,18372.00,71375.29,8113.88,"2026-07-08 04:22:50"
October,2025,"CRUDE OIL",Import,21005.46,90832.16,10263.60,"2026-07-08 04:22:50"
October,2025,LPG,Import,1916.75,8174.95,923.29,"2026-07-08 04:22:50"
October,2025,MS,Import,,,,"2026-07-08 04:22:50"
October,2025,Naphtha,Import,113.55,575.36,65.07,"2026-07-08 04:22:50"
October,2025,ATF,Import,,,,"2026-07-08 04:22:50"
October,2025,HSD,Import,4.26,27.22,3.08,"2026-07-08 04:22:50"
October,2025,"LOBS/ Lube oil",Import,288.40,2223.94,251.54,"2026-07-08 04:22:50"
October,2025,"Fuel Oil",Import,622.22,2049.02,231.60,"2026-07-08 04:22:50"
October,2025,Bitumen,Import,194.14,631.38,71.40,"2026-07-08 04:22:50"
October,2025,Petcoke,Import,905.73,1125.85,127.34,"2026-07-08 04:22:50"
October,2025,Others&,Import,81.90,612.07,69.23,"2026-07-08 04:22:50"
October,2025,"PRODUCT IMPORT*",Import,4126.96,15419.80,1742.54,"2026-07-08 04:22:50"
October,2025,"TOTAL IMPORT",Import,25132.42,106251.96,12006.15,"2026-07-08 04:22:50"
October,2025,LPG,Export,42.54,238.12,27.71,"2026-07-08 04:22:50"
October,2025,MS!,Export,1372.46,8261.95,924.95,"2026-07-08 04:22:50"
October,2025,Naphtha$,Export,281.49,1386.27,155.40,"2026-07-08 04:22:50"
October,2025,ATF#,Export,506.07,3052.17,340.85,"2026-07-08 04:22:50"
October,2025,SKO,Export,1.44,10.04,1.17,"2026-07-08 04:22:50"
October,2025,HSD,Export,2706.94,15715.17,1758.83,"2026-07-08 04:22:50"
October,2025,"LOBS/ Lube Oil",Export,0.69,11.63,1.31,"2026-07-08 04:22:50"
October,2025,"Fuel Oil",Export,70.56,200.34,22.68,"2026-07-08 04:22:50"
October,2025,Bitumen,Export,0.70,3.45,0.39,"2026-07-08 04:22:50"
October,2025,"Petcoke / CBFS",Export,,,,"2026-07-08 04:22:50"
October,2025,Others%,Export,131.70,679.26,76.80,"2026-07-08 04:22:50"
October,2025,"TOTAL  PRODUCT EXPORT",Export,5114.59,29558.41,3310.10,"2026-07-08 04:22:50"
October,2025,"NET IMPORT",Export,20017.83,76693.55,8696.05,"2026-07-08 04:22:50"
November,2025,"CRUDE OIL",Import,21235.64,88772.64,9969.23,"2026-07-08 04:22:50"
November,2025,LPG,Import,1816.31,7542.72,848.72,"2026-07-08 04:22:50"
November,2025,MS,Import,,,,"2026-07-08 04:22:50"
November,2025,Naphtha,Import,143.95,741.45,83.53,"2026-07-08 04:22:50"
November,2025,ATF,Import,,,,"2026-07-08 04:22:50"
November,2025,HSD,Import,7.68,46.59,5.24,"2026-07-08 04:22:50"
November,2025,"LOBS/ Lube oil",Import,241.96,1828.64,205.88,"2026-07-08 04:22:50"
November,2025,"Fuel Oil",Import,469.55,1410.44,158.95,"2026-07-08 04:22:50"
November,2025,Bitumen,Import,214.76,688.83,77.55,"2026-07-08 04:22:50"
November,2025,Petcoke,Import,665.92,760.60,85.63,"2026-07-08 04:22:50"
November,2025,Others&,Import,199.72,1133.82,127.69,"2026-07-08 04:22:50"
November,2025,"PRODUCT IMPORT*",Import,3759.85,14153.10,1593.18,"2026-07-08 04:22:50"
November,2025,"TOTAL IMPORT",Import,24995.48,102925.74,11562.41,"2026-07-08 04:22:50"
November,2025,LPG,Export,48.02,268.08,31.21,"2026-07-08 04:22:50"
November,2025,MS!,Export,1523.73,9143.21,1018.22,"2026-07-08 04:22:50"
November,2025,Naphtha$,Export,506.78,2221.49,248.90,"2026-07-08 04:22:50"
November,2025,ATF#,Export,598.83,3847.37,423.74,"2026-07-08 04:22:50"
November,2025,SKO,Export,1.18,8.35,0.97,"2026-07-08 04:22:50"
November,2025,HSD,Export,2314.02,14092.08,1561.99,"2026-07-08 04:22:50"
November,2025,"LOBS/ Lube Oil",Export,1.05,15.76,1.76,"2026-07-08 04:22:50"
November,2025,"Fuel Oil",Export,66.43,201.56,22.54,"2026-07-08 04:22:50"
November,2025,Bitumen,Export,3.54,15.14,1.70,"2026-07-08 04:22:50"
November,2025,"Petcoke / CBFS",Export,41.50,26.27,2.96,"2026-07-08 04:22:50"
November,2025,Others%,Export,145.36,614.61,68.98,"2026-07-08 04:22:50"
November,2025,"TOTAL  PRODUCT EXPORT",Export,5250.45,30453.92,3382.97,"2026-07-08 04:22:50"
November,2025,"NET IMPORT",Export,19745.04,72471.82,8179.44,"2026-07-08 04:22:50"
December,2025,"CRUDE OIL",Import,21588.14,88950.78,9873.48,"2026-07-08 04:22:50"
December,2025,LPG,Import,1996.00,8800.57,977.39,"2026-07-08 04:22:50"
December,2025,MS,Import,0.01,0.34,0.04,"2026-07-08 04:22:50"
December,2025,Naphtha,Import,8.13,41.80,4.64,"2026-07-08 04:22:50"
December,2025,ATF,Import,0.01,0.05,0.01,"2026-07-08 04:22:50"
December,2025,HSD,Import,2.44,15.38,1.71,"2026-07-08 04:22:50"
December,2025,"LOBS/ Lube oil",Import,291.74,2141.98,237.74,"2026-07-08 04:22:50"
December,2025,"Fuel Oil",Import,164.98,491.60,54.36,"2026-07-08 04:22:50"
December,2025,Bitumen,Import,212.51,700.64,77.81,"2026-07-08 04:22:50"
December,2025,Petcoke,Import,973.31,1184.30,131.46,"2026-07-08 04:22:50"
December,2025,Others&,Import,165.52,1031.36,114.49,"2026-07-08 04:22:50"
December,2025,"PRODUCT IMPORT*",Import,3814.65,14408.01,1599.64,"2026-07-08 04:22:50"
December,2025,"TOTAL IMPORT",Import,25402.80,103358.80,11473.12,"2026-07-08 04:22:50"
December,2025,LPG,Export,49.39,274.15,31.91,"2026-07-08 04:22:50"
December,2025,MS!,Export,1550.24,8753.44,956.83,"2026-07-08 04:22:50"
December,2025,Naphtha$,Export,385.49,1818.98,202.02,"2026-07-08 04:22:50"
December,2025,ATF#,Export,628.65,3699.36,403.45,"2026-07-08 04:22:50"
December,2025,SKO,Export,1.14,8.59,1.00,"2026-07-08 04:22:50"
December,2025,HSD,Export,2340.51,13057.38,1422.41,"2026-07-08 04:22:50"
December,2025,"LOBS/ Lube Oil",Export,0.88,12.50,1.39,"2026-07-08 04:22:50"
December,2025,"Fuel Oil",Export,193.99,551.65,61.24,"2026-07-08 04:22:50"
December,2025,Bitumen,Export,4.42,18.85,2.13,"2026-07-08 04:22:50"
December,2025,"Petcoke / CBFS",Export,75.57,425.67,47.42,"2026-07-08 04:22:50"
December,2025,Others%,Export,192.61,1044.24,115.52,"2026-07-08 04:22:50"
December,2025,"TOTAL  PRODUCT EXPORT",Export,5422.88,29664.81,3245.32,"2026-07-08 04:22:50"
December,2025,"NET IMPORT",Export,19979.92,73693.98,8227.79,"2026-07-08 04:22:50"
January,2026,"CRUDE OIL",Import,21094.11,86086.86,9506.74,"2026-07-08 04:22:50"
January,2026,LPG,Import,2171.73,10117.50,1113.99,"2026-07-08 04:22:50"
January,2026,MS,Import,,,,"2026-07-08 04:22:50"
January,2026,Naphtha,Import,115.11,574.40,63.54,"2026-07-08 04:22:50"
January,2026,ATF,Import,0.01,0.04,0.00,"2026-07-08 04:22:50"
January,2026,HSD,Import,3.22,20.45,2.25,"2026-07-08 04:22:50"
January,2026,"LOBS/ Lube oil",Import,212.46,1609.26,176.91,"2026-07-08 04:22:50"
January,2026,"Fuel Oil",Import,492.03,1528.23,168.61,"2026-07-08 04:22:50"
January,2026,Bitumen,Import,269.09,702.73,77.39,"2026-07-08 04:22:50"
January,2026,Petcoke,Import,608.91,780.95,86.01,"2026-07-08 04:22:50"
January,2026,Others&,Import,148.91,857.10,94.26,"2026-07-08 04:22:50"
January,2026,"PRODUCT IMPORT*",Import,4021.46,16190.65,1782.96,"2026-07-08 04:22:50"
January,2026,"TOTAL IMPORT",Import,25115.57,102277.50,11289.70,"2026-07-08 04:22:50"
January,2026,LPG,Export,48.17,287.91,33.51,"2026-07-08 04:22:50"
January,2026,MS!,Export,1405.77,8292.84,901.83,"2026-07-08 04:22:50"
January,2026,Naphtha$,Export,303.62,1389.60,152.70,"2026-07-08 04:22:50"
January,2026,ATF#,Export,499.84,2959.15,318.62,"2026-07-08 04:22:50"
January,2026,SKO,Export,1.59,10.88,1.26,"2026-07-08 04:22:50"
January,2026,HSD,Export,2380.80,13312.98,1435.13,"2026-07-08 04:22:50"
January,2026,"LOBS/ Lube Oil",Export,1.07,14.07,1.55,"2026-07-08 04:22:50"
January,2026,"Fuel Oil",Export,98.73,302.66,33.28,"2026-07-08 04:22:50"
January,2026,Bitumen,Export,1.08,4.77,0.53,"2026-07-08 04:22:50"
January,2026,"Petcoke / CBFS",Export,20.51,120.58,13.10,"2026-07-08 04:22:50"
January,2026,Others%,Export,148.32,839.01,92.07,"2026-07-08 04:22:50"
January,2026,"TOTAL  PRODUCT EXPORT",Export,4909.49,27534.45,2983.58,"2026-07-08 04:22:50"
January,2026,"NET IMPORT",Export,20206.08,74743.05,8306.12,"2026-07-08 04:22:50"
February,2026,"CRUDE OIL",Import,20127.79,88294.92,9678.16,"2026-07-08 04:22:50"
February,2026,LPG,Import,1700.38,8235.83,907.69,"2026-07-08 04:22:50"
February,2026,MS,Import,,,,"2026-07-08 04:22:50"
February,2026,Naphtha,Import,69.96,346.45,38.18,"2026-07-08 04:22:50"
February,2026,ATF,Import,0.01,0.07,0.01,"2026-07-08 04:22:50"
February,2026,HSD,Import,6.77,42.90,4.73,"2026-07-08 04:22:50"
February,2026,"LOBS/ Lube oil",Import,281.30,2094.61,230.87,"2026-07-08 04:22:50"
February,2026,"Fuel Oil",Import,318.60,1155.00,127.30,"2026-07-08 04:22:50"
February,2026,Bitumen,Import,234.62,794.17,87.52,"2026-07-08 04:22:50"
February,2026,Petcoke,Import,188.92,468.09,51.59,"2026-07-08 04:22:50"
February,2026,Others&,Import,144.83,822.94,90.70,"2026-07-08 04:22:50"
February,2026,"PRODUCT IMPORT*",Import,2945.37,13960.06,1538.58,"2026-07-08 04:22:50"
February,2026,"TOTAL IMPORT",Import,23073.17,102254.98,11216.74,"2026-07-08 04:22:50"
February,2026,LPG,Export,50.29,311.38,36.25,"2026-07-08 04:22:50"
February,2026,MS!,Export,1386.62,8350.95,908.71,"2026-07-08 04:22:50"
February,2026,Naphtha$,Export,532.73,2841.58,313.05,"2026-07-08 04:22:50"
February,2026,ATF#,Export,361.90,2265.69,245.83,"2026-07-08 04:22:50"
February,2026,SKO,Export,1.43,9.52,1.11,"2026-07-08 04:22:50"
February,2026,HSD,Export,1704.52,10343.72,1108.82,"2026-07-08 04:22:50"
February,2026,"LOBS/ Lube Oil",Export,1.05,14.17,1.55,"2026-07-08 04:22:50"
February,2026,"Fuel Oil",Export,190.33,739.36,81.22,"2026-07-08 04:22:50"
February,2026,Bitumen,Export,4.01,18.54,2.06,"2026-07-08 04:22:50"
February,2026,"Petcoke / CBFS",Export,,,,"2026-07-08 04:22:50"
February,2026,Others%,Export,125.31,711.03,77.77,"2026-07-08 04:22:50"
February,2026,"TOTAL  PRODUCT EXPORT",Export,4358.18,25605.94,2776.37,"2026-07-08 04:22:50"
February,2026,"NET IMPORT",Export,18714.99,76649.04,8440.38,"2026-07-08 04:22:50"
March,2026,"CRUDE OIL",Import,19389.13,122986.18,13332.09,"2026-07-08 04:22:50"
March,2026,LPG,Import,806.79,4508.66,488.81,"2026-07-08 04:22:50"
March,2026,MS,Import,0.00,0.34,0.04,"2026-07-08 04:22:50"
March,2026,Naphtha,Import,121.05,915.32,98.00,"2026-07-08 04:22:50"
March,2026,ATF,Import,0.26,2.42,0.26,"2026-07-08 04:22:50"
March,2026,HSD,Import,2.19,14.57,1.57,"2026-07-08 04:22:50"
March,2026,"LOBS/ Lube oil",Import,261.93,2060.69,222.07,"2026-07-08 04:22:50"
March,2026,"Fuel Oil",Import,415.76,2307.90,248.72,"2026-07-08 04:22:50"
March,2026,Bitumen,Import,110.84,384.03,41.40,"2026-07-08 04:22:50"
March,2026,Petcoke,Import,303.08,481.22,51.88,"2026-07-08 04:22:50"
March,2026,Others&,Import,177.20,1229.76,133.01,"2026-07-08 04:22:50"
March,2026,"PRODUCT IMPORT*",Import,2199.11,11904.91,1285.75,"2026-07-08 04:22:50"
March,2026,"TOTAL IMPORT",Import,21588.24,134891.09,14617.84,"2026-07-08 04:22:50"
March,2026,LPG,Export,44.68,279.72,32.56,"2026-07-08 04:22:50"
March,2026,MS!,Export,1191.25,11941.81,1270.14,"2026-07-08 04:22:50"
March,2026,Naphtha$,Export,353.65,3160.08,339.77,"2026-07-08 04:22:50"
March,2026,ATF#,Export,406.81,5342.28,554.73,"2026-07-08 04:22:50"
March,2026,SKO,Export,2.81,20.00,2.33,"2026-07-08 04:22:50"
March,2026,HSD,Export,2051.71,29497.98,3065.25,"2026-07-08 04:22:50"
March,2026,"LOBS/ Lube Oil",Export,2.17,34.70,3.72,"2026-07-08 04:22:50"
March,2026,"Fuel Oil",Export,216.94,1509.60,160.18,"2026-07-08 04:22:50"
March,2026,Bitumen,Export,7.09,38.92,4.26,"2026-07-08 04:22:50"
March,2026,"Petcoke / CBFS",Export,11.29,75.32,8.08,"2026-07-08 04:22:50"
March,2026,Others%,Export,183.50,925.92,100.41,"2026-07-08 04:22:50"
March,2026,"TOTAL  PRODUCT EXPORT",Export,4471.90,52826.33,5541.43,"2026-07-08 04:22:50"
March,2026,"NET IMPORT",Export,17116.34,82064.75,9076.41,"2026-07-08 04:22:50"
